_PAD
_UNK
0
to
in
I
for
tickets
the
at
like
a
you
see
would
tomorrow
please
movie
need
me
Can
around
is
of
get
showing
PM
The
Thank
please.
I'd
are
on
and
be
two
that
playing
want
theater
AMC
any
Deadpool
Zootopia
movies
tonight
pm
purchase
can
night
what
i
Regal
there
ticket
this
What
Seattle
Thanks!
good
show
I'm
it
tell
am
find
if
sounds
Thanks.
will
3D
my
go
available
you!
with
about
book
have
Cloverfield
near
so
looking
thank
Hi
times
comedy
Thanks
action
zootopia
London
please?
Hello
great
March
Meridian
Friday
Are
Lane
Las
some
7pm
much
Batman
area
evening
out
thanks
tomorrow.
one
I'll
take
seattle
Fallen
or
time
zip
people
San
Please
Could
today
adult
code
3d
April
buy
How
theaters
has
Saturday
an
Whiskey
Tango
Any
Tomorrow
Has
tickets.
My
Foxtrot
Is
watch
do
Hi,
AL
Hi!
Yes
2D
Superman
5pm
standard
after
latest
prefer
Birmingham,
8PM
from
work
your
help
Century
new
California
deadpool
Hello,
Pacific
Panda
kids
8pm
great.
Kung
Fu
Yes,
NV
as
Vegas,
Thursday
6pm
good.
afternoon
right
Witch
you.
Place
not
Vegas
Los
fine
Carmike
Glendale,
thanks!
Gods
Egypt
friday
tickets?
Risen
recommend
know
That
CA
works
best
think
Good
Perfect
Philadelphia
something
earliest
Friday.
night.
Sunday
between
Hey
available.
1st
yes
much!
Brothers
rated
how
vs
comedies
Miracles
2nd
three
6PM
9pm
hello
Greek
now?
Chicago
was
IMAX
Match
tomorrow?
tonight.
Grimsby
Star
Big
FL
Tonight
5PM
but
fine.
tonight?
Wednesday
date
there.
Philadelphia.
possible
Like
romantic
Stadium
Boston.
day
wilmington,
showtime
What's
Fat
7:00
spotlight
film
9:30
3/15
me?
Wedding
Just
showtimes
downtown
very
Standard
Texas
adults
Hello.
matinee
family
horror
New
8:00
-
movie.
night?
evening.
Cinemas
4pm
7:30
located
where
California.
batman
nc
cloverfield
Heaven
noon
Oh
Arlington
Tuesday
just
side
perfect
IL
Wars
huntsville
drama
oregon
wednesday
ok
7PM
Sacramento
2d
south
Meet
first
Young
regal
Angeles.
movie?
NJ
al
me.
area?
Dallas
saturday
could
Two
South
Blacks
next
closest
tango
7:20
all
possible.
portland
ca
then
give
cost
service
superman
Seattle.
2pm
that's
reserve
weekend
what's
whiskey
tomorrow,
it's
yes,
Book
now
Messiah
v
9:00
Dallas.
City
people.
pm.
Seattle?
perfect.
2PM
Cherry
we
interested
Theater
V
showing?
love
goodbye
Boston
Francisco
really
UA
child
No
fallen
7:15
7:45
foxtrot
Movie
four
Do
10pm
price
LA
wanting
excellent
One
7:10
theatre
close
Baltimore.
still
weekend?
10:30
Divergent
which
Around
please,
16th
Great,
Where
Great!
Orleans
funny
Allegiant
ty
Let's
make
This
Hi.
other
restaurant
lane
witch
hi
Summit
WA
River
us
those
For
NC
A
15th.
Cinemark
coming
don't
NY
no
films
Monday
From
wonderful
movies.
today.
trying
VA
Theatres
Detroit
3PM
moviename
place
anywhere
Anytime
Zootopia?
evening?
8PM.
lets
tickets,
Square
Washington
about?
try
sunday
Seattle,
Angeles
Hill
1pm
PM.
early
Tomorrow.
work.
animated
But
THE
closer
up
:)
Saturday.
order
playing?
show.
too
opening
california
request
9:45
washington
Zoolander
that.
4PM
6:30
PA
theaters?
Cinema
vegas
il
Atlanta
Friday?
today?
showing.
NJ.
6:45
East
them
well
3pm
provide
anything
Awesome!
great!
area.
star
wars
friendly
Name
TN
IN
it.
guess
Oh,
9PM
party
MI
Boss
somewhere
wa
Saturday?
point
Van
Ness
Yes.
Zootopia.
las
sometime
Looking
before
going
that?
cinema
Thursday.
late
name
AM
Tavern
san
ok,
does
OH
Tickets
La
That's
should
Brenden
Revenant
Chicago.
hoping
Birmingham
kid
Theaters
8:30
6:40
ahead
released
let's
list
6:00pm
Oklahoma
rating
You
Eye
wanted
you,
Have
showings
long
Deadpool?
Doris
day!
Hello!
Loews
Hamilton,
big
amc
Not
Superman:
Dawn
Justice
Which
sorry
prices
4:40
Show
thanks.
Virginia
anytime
illinois
10:15
already
Triple
4:30
Miami
ill
7:40
Orlando
Well,
Nv.
7:25
4/6/16
movienames
4:20
There
Sky
Center
scary
Diego
Spotlight
sure
Miami.
Sounds
when
im
7pm.
Baltimore
Lowes
thursday
later
Force
Awakens
wedding
60062,
Fort
Comedy
Dead
8:10
oxnard,
9:20
synopsis
theater?
please:
Illinois
assist
finding
great,
most
Ok,
east
In
evanston
Three
9:50
good,
Perfect!
much.
4:00pm
check
carmike
by
Single
then.
couple
Baltimore,
Maryland.
last
York
said
currently
Mall
soonest
heard
same
9:40
Sure,
week
Chicago,
available?
7:00pm
Diego.
Eddie
tuesday
popular
04/01/2016
7:50
ticket.
R
Francisco.
suggestions?
us.
9:10
total
Town
top
look
francisco
God's
also
super
Valley
4:10
Pittsburgh
CA?
Something
than
they
Lets
wondering
city
Disney
If
doesn't
Point
Need
Lexington
wants
When
bakersfield
okay
nice
awesome.
dramas
1:30
Next
3\/18
it?
6:50
Natomas
Michigan
It's
And
only
Sacramento,
tonight,
I've
Houston
ratings
9:55
zipcode
4:00
children
Would
It
seats
afternoon.
Dayton
tx
North
Today
dinner
10:00
Hills
night,
enjoy
9:35
fat
Lauderdale,
seating
TN?
9PM.
works.
8:45
suggest
Fresno
year
No,
seeing
Thanks:
2:20
both
bye!
our
id
boss
Parks
location
5:05
reservation
7:35
Knoxville
10:10
Action.
serves
her
century
2.
few
8PM?
2:25
vs.
Woodstock,
Lake,
austin
hard
As
Huntsville
gadsde,
show?
Deadpool.
help!
review
Series:
young
panda
yes.
2PM?
Okay,
Pittsburgh.
Charlotte
weekend.
2:45
Arden
london
their
maybe
7:40pm
KY
GA
Purchase
whats
Eagle
Today,
Hardcore
dallas
heaven
Chicago?
seen
Ill
ticket?
adults?
Preferably
five
Rave
Oak
Tree
2:15
Does
Wars:
10:20
romance
i'd
Florida
pm,
cost?
another
14th.
Hot
Pot
thats
ton
Maybe
old
ZIP
Dallas?
pacific
Visalia,
Boston:
7:05
monaco
nj
Norfolk,
afternoon?
&
3D.
one,
5:30
5:10
town
ty!
6:10
Hollywood
awesome
Delaware
Lansing
time?
Theatre
evening,
Fl
time.
more
Be
Lane?
friends
10:05
WA?
superhero
northern
meridian
here
say
St.
park
there!
been
Rochester
3:00
live
Crystal
Creek
better
all.
kung
fu
tix
Great.
THanks
p.m.
help.
people?
greek
Perfect.
suggestions
Action
10:35
Great
3:30
10PM
either
Francisco,
ok.
Station
Arlington,
natomas
ticket,
fine,
far
one.
9:25
recommendations
Visalia
4:15
imax
8pm,
can't
Motion
Pictures
Ohio
Texas?
CORAL
RIDGE
different
Orlando,
offers
7:15pm
12th
monday
7PM.
Anything
yeah
then,
interesting.
Code
offer
Sorry.
sci-fi
chicago
CARMIKE
meet
options
kind
one?
8pm.
3rd
there's
theatres
there,
Grand
cinemas
9:30pm
Phoenix
movie,
We're
Yeah,
Tina
bring
PA?
nice.
done
blessed
day.
actually
starring
movies?
9:10pm
over
Thanks,
Springs,
out?
KY.
Zootopia,
reviews
Anderson,
Jolla,
Amazing
34th
we're
week?
adults.
regular
possible,
Other
Side
Door
thinking
free
Arlington?
happen
nv
redmond
IA
these
7:30pm
laugh
9:45pm
nearest
6pm.
Madison
format.
Miami,
8:15
atlanta
75123,
Atlanta,
girl
comedy.
beer
reservations
children's
evening!
5:25pm
be?
Beach,
series
10:00pm
11:15
Philadelphia?
okay.
Atlanta.
revenant
5:00
ask
6:05
within
Evening
Awesome.
oh
Henry
Series
1:45
north
Bellevue
Lincoln
Ln
Bronze
Penn
4:45
whatever
Orlando.
midnight
cinemark
action.
come
isn't
afternoon,
flick
noon.
PG
Burbank.
6:00
Vestavia
showtimes?
theater.
Columbus,
Race
4:50
3:55
10:50
Antonio,
change
Hill,
highest
Ave.,
We'd
Of
march
person
got
sure.
days
Richmond
2:30
might
son
3:50
AL?
Movies
08534?
force
SUMMIT
WOULD
LIKE
TO
Portland,
hello,
quite
NH
Carbondale,
Awesome
lake
space
needle
Park
special
see?
Kids
Lane.
along
PA.
Slidell
Let
me,
morning
Pensacola,
9:15
maya
Goodbye.
having
TICKETS
STAR
match
something?
girlfriend
she
together
riverpark
Illinois.
Grimsby.
Al.
12:30
Pittsburgh,
see.
Tampa,
sorry.
during
agent,
Antonio
taking
Louisiana
Point.
Vegas.
Lexington,
hi!
high
time,
Im
thurs
spokane
9:15pm
Indiana
recommend?
variety
asheville
appropriate
Webster
Richland
Johnstown,
taxi
staying
address
back
5:15
yeah,
even
husband
Diego:
Fayette
suggestion
Oakwood
never
Cincinnatti
Tampa
seems
total.
Icon
Louis
6PM?
MA
wonderful.
!
1:40
let
Sorry,
may
brothers
Highland
Village
3/16
options?
play
less
Bellevue,
interesting
thriller
otherwise
Saturday,
please!
NY.
VA.
Knoxville,
Kentucky.
Heights
Kingsport
adventure
now.
We
Beaver
its
reviews?
10:40
Coral
anderson
childrens
Standard.
suggestion?
TX?
Family
west
Imax
best.
Sometime
v.
pretty
Somewhere
PM,
Minneapolis
fun
preferable.
Ok.
Hello?
going?
Brooklyn.
bloomington
ton.
divergent
6:40pm
Superman.
Angeles,
5PM?
cheapest
type
ton!
Friday,
IL?
preferably
HI
gods
renton
perfect!
Hamilton
hearing
solid.
Metreon,
fourth
St.,
#3000,
miles
for.
Nashville,
Tomorrow,
Ticket
had
Red
Rock
little
On
6:15
world
4pm.
Room
Albany,
PLAZA
pre
releases
Charlotte,
Fair
4:25
watching
Pearl
2:40
,
ones
Pennsylvania
Naperville,
messages
serve
5:40
Washington.
evanston,
5:40pm
Alamo
10:15pm
Wednesday.
matter
6:25
girls
Fredericksburg
6:20
yes!
7:55
Goodbye
Well
shows
8:45pm
Frankfort
State
Heaven.
myself
Grove,
MN
Palladium
1:50
restaurants
Crossroads
good!
florida
N.E.
26th
types
recliner
Howdy!
8:00PM
hero
Brooklyn
7PM?
Fallen.
ChongQing
movie!
sorry,
Alabama?
Richmond.
Mission
18th
Tho
nearby
then?
boston,
locate
Also,
Oh.
NCG
genre
stars
MOVIE
Hmm.
blacks.
today:
submit
enough
Palisades
Grove
newest
makes
perfect,
movies,
Desoto,
sound
wife
through
watch?
King
Prussia
ny
Louisiana,
lincoln
square
Raleigh
Nashville
to?
3D?
Sorry
Hope
you're
Cincinnati
PORTLAND
OREGON
allegiant
10:25
bad
though:
definitely
Apr
4:30pm
Hollywood,
Beach
Georgetown,
Athens
to.
choice
Hmm,
that:
Showcase
Antonio.
Jose
rated?
showing,
los
Glendale
AZ
favorite
Captain
years
Deptford
report
Midnight
boston
D.C.
Thursday?
told
nephew
recent
Gadsden,
Burbank
senior
8:00pm
saw
street
Boston,
night:
Deadwood
OK
3:15
25th
amazing
Al
6:05pm
2pm?
town.
seattle,
versus
Amc
door
Zip
Hey,
Vs.
Harrisburg,
MN?
believe
Auburn,
fun,
suspense
12:45pm
mayfaire
1PM
11am
okay,
grimsby
7?
7:30pm.
can.
skokie,
HI,
OH,
Yeah
aren't
8:40
11:30
who
4:40pm
AMC,
city,
figure
7:20pm
8:30pm
Deadpool,
9:00pm
3:25
were
mall
MJR
hours
serious
TN.
week.
Miami?
i'll
besides
Sure.
too.
card
Near
Burbank,
Vs
FL?
No.
instead?
many
Harrisonburg
14.
Friday:
must
Austin,
Morning,
yet
theres
Ok
Columbus
Ah,
how's
7-8
Fantastic!
7.
Cool
19121.
Order
showtime.
Manhattan
lady
likes
DINE-IN
THEATRES
8PM:
5:50
pick
2:15pm
Monday.
3:45
Baltimore:
documentary
9:25pm
To
idea
Galaxy
John
Romance
10.
At
carolina
Worth
10ish
air
adult.
pg-13
Denver
Palms
away
film.
being
5:45
NV?
stadium
Showplace
Lake
3/18
3\/15
seattle.
8:05
REGAL
STADIUM
1:50pm
website
Zooptopia
mexican
White
Tonight.
month?
did
you?
thanks:
Philadelphia,
probably
sacramento?
Nope,
Actually,
Tulare,
slasher
18,
Altoona,
it,
science
fiction
Santa
12pm
Horror
WI?
so,
Perfect,
730pm
RI
Get
Dothan,
AL.
off
There's
remember
Drafthouse
Illinois?
friday?
6:15pm
FRIDAY
Oakland,
8.
fan
Ryan
~
AT
Four
RPX
9:50pm
1:30pm
6PM.
Fresno,
6:30pm
Buffalo
LOEWS
CHERRY
HILL
OR
IMAX.
Fox
Henderson
7pm?
5:25
Bay
Street
10:10pm
California?
people:
Tulsa
friend
Green
Portland.
sports
Diego?
called
six
Plaza
up?
reading
Downtown
keep
CENTURY
EASTPORT
sacramento,
awesome!
Whisky
Find
airing
Light
better.
Pm
Seattle:
Id
miami
no,
DEADPOOL
version
Sams
13-Mar
Alabama
Stony
Brook
suppose
showings?
into
tomorrow:
pizza
tampa,
GREEK
WEDDING
Romantic
3/10
Sidney
4:05
Wonderful.
Memphis,
Shreveport,
Biloxi
Morning.
ratings?
AMC.
Cinemark.
14?
mass
hour
bye.
5:10pm
up.
Williamsburg
standard,
discount
May
reno
them?
grab
8pm?
food
Boston?
thanks,
comedy?
Sweetness
awakens
dead
4:10pm
Angeles?
.
Who
main
Bakersfield
7:10pm
Philadelphia:
eat
Texas.
spring
Eastchase
mean
recently
cheaper
Evening.
needing
KY,
5PM.
interest
jose
Tn
thus
far.
(in
time)
WARS
weekend,
Tuscaloosa,
drama?
older
lot
appropriate?
See
always
TWO
Alright!
Austin
friend.
confirm
so?
kid's
work,
angeles
actually.
WWII
operation
tie-in
boss.
Special
4PM.
Cleveland
know.
here.
she'll
Redmond,
preference.
outside
Want
tx,
yet?
Sacramento?
screening.
lines
visiting
i'm
G
1:05
that!
loved
site.
DC
wow
View
4:50pm
Silverado
again
though
pre-sale
America
1:20pm
work!
location:
Okay
secure
3\/16
Central
purchasing
OR.
Feel
Was
2:05
615pm
Fenway
fl
messiah
Sacramento.
WA.
chico,
each
Chicago:
8:05pm
Works
Ames,
Alright,
inform
employer
Akron
1:00pm
Lady
r
venice
beach
well.
Canal
moving
Bossier
Monaco
preferred
wanna
Yonkers,
Stafford
nothing
someone
It'll
ZOOTOPIA
n
THank
7th
3:30pm
Des
HI!
Science
allow
thanks!!!
day!!!!
hunstville
whichever
TN,
thought
Yes!
wonder
33076.
4/1
90601?
Laguna
embarrassed
down
Wow
again!
Mi
9:05
5:30pm
billings
Hail
Caesar
Gulf
Trussville
matter-
Tulare
well,
10pm.
Brinform(other)s
texas
Louisville
Cinepolis
Coconut
wacky
reviews,
exactly
2?
NORTH
hint
Phoenix?
6.
Providence
9:30pm.
Ticket.
Also
hook
admit
1:10
crime
Mirada
seating?
answer
12.
600pm
al,
3:00pm
Omaha
3D,
eight
Everybody
things
part
starting
Bayou
LA?
choose
Rehoboth
Cool.
for,
3,
matter.
Anywhere
3:
10:05pm
matinee?
MS
Redding
Superman?
Hateful
Eight
ride
Ave
6:20pm
slot
130pm
Harrisburg
Rick
incredible
Ky
slightly
hopefully
watching?
Buy
2:05pm
Wallingford,
CT
catch
Only
needs
choices?
Lane:
Movie.
search
laugh.
general
fantasy
\u201CDeadpool\u201D
code?
Portland?
ma
bet.
Albany
use
able
hear.
Regency
Chinese
ten
9PM?
date.
Showtimes
outstanding
deadpool,
radio
non-3d
alone.
ionia
anywhere?
that,
Marketfair
SC
haven't
hours.
6:05PM
crystal
Creed
d
Kirkland,
townsville,
tickets\n
center
City,
510pm
genre?
fits
930pm
table
any,
shown
12:00pm
good?
help?
WHAT
OF
FOR
AND
Geneva,
WI
2:50
3:05
Richmond,
advance
Maryland
PLACE
actors
Sacramneto
We've
else
NC.
Orleans.
code,
3\/11
Wa
Barrington,
mchenry
3\/17\/2016
7:45pm
instead.
48067.
3/14
Short
CA.
Philly
NorthPark
12:50
playing.
requesting
credit
Fey
already.
anderson,
asked
Reading
Rise
Mason
pleae
tongiht
Top
12?
hottest
Whittier,
City?
Mastic
Carolina
11:05
Florence,
address?
send
year?
Indiana.
Jump
matinee,
adults,
kids.
wish
10:25pm
lowest
northbrook
current
likely
enjoy?
Psycho-Pass
child's
Rapids
Eastport
early.
preferable
from.
providence,
p.m
9,
Mexican
name.
location.
Midway
word
TX.
am.
:D
6:35
tampa
watch.
9:20pm
3:45pm
handicap
while
She
goes
sleep
Witch.
question.
animals
6:50pm
normal
Modesto
Harrisonburg,
20?
Regal.
1030pm
asking
Athens?
Multiplex
wenesday
SEATTLE
SUNDAY
bye
Boy
3/26
humor
wrong
Reynolds
him
10?
Later
alcohol
olds
SQUARE
14,
Whats
longest
nc?
egypt
preferred.
royal
date?
light
COURT
STREET
4:55
sometimes
local
tonights
3?
you!!
JOHN
R.
evening:
birthday
Much
appreciated
Saw
They
under
Look
8:40pm
Pittsburgh?
CENTER
Dallas,
Sunday,
day,
boyfriend
amount
gross
24?
bit
hours?
11?
upcoming
comes
out.
YES!
Sunset
5:20
Ok..
ARE
CO
morning,
price?
movienames,
8Pm
service!
is.
saturday,
set
Strawbridge
date:
12:20pm
All
Royal
Oak,
Thornton
Thanks!!!
way
detroit
fallen.
11:35
Canada
hardcore
henry
Foxtrot.
3:50pm
NYC
Tinseltown
clover
field
Lane,
Risen:
films:
Austin?
Marketplace
PG-13
Apex,
nyc
short
couples
Springs
chance
Enjoy
recently?
Pasadena,
would:
6:45pm
Sacramento:
5pm.
21st
Street,
they're
3/24/16
better?
noonish
MO
Adults
11:45
12:01
8ish
2,
decide
each.
9ish
Bowling
745pm
tomrrow
together?
9pm.
1:40pm
feeling
11:00pm
Madison,
6:55
single
sorry!
gf
Miracle
changed
mind.
Italian
2:00
TX
spotlight.
offering
3d?
fayette
Pioneer
home
City.
pls
SF
Heaven?
They're
Roseville
lot.
dramas.
Or
11:00
Raleigh,
NC?
Awesome,
new?
Portland
Princeton,
NJ?
sensory
nine
NE
movienames:
action?
least
Maya
moviename:
5pm?
showing:
Roc
posted
movies:
scifi
moment.
fun.
Woodbridge
House
he
3pm.
soon
left
Jackson,
format
Fallen:
2:10
Sure!
Japanese
3.
worth
College,
mood
suitable
thrillers
boise
you've
mi
3:20
Arbor
Lakes
Maple
55311.
yay
9?
1:25pm
cancel
earlier
it'll
do...
thankyou
tom
cruise
Arlington:
safeco
field.
12:40pm.
BROTHERS
GRIMSBY
20:
Memphis.
hello!!!
MY
BIG
FAT
Monroe,
girlfriend.
smith
afternoon:
(standard)
Fallen::
religious
odd.
Someone
crossed
Mississippi
plans
changed,
clean
Mobile
posse
films?
higher
folks!
16.
Toronto
weekday
Those
Match?
orientated.
Longer
minutes.
recieved.
thier
closer?
Placerville
away.
3\/16\/2016
Ibook
plenty
suited
430pm
CInemas
gives
headache
Trying
Iwould
Centre
veterans?
Match,
mountain
pertaining
interests?
4:30?
Wens
23rd
goodbye!
Eastwood
nevada
Huntsville,
ticker
6-11
awakens?
notable
MEET
BLACKS
WOW
Brad
pitt?
schedule
GET
ticketS
Tough
choice.
Terrace
alien
UA?
Where's
Embrace
Serpent
OR?
ticket:
assistance
acceptable.
Nashua,
fit!
salt
ut
detroit.
morning/evening.
chicago?
southeast
2.5,
Tha'ts
7:pm
discounts
military
94509.
husband?
Visalia?
tiickets
1020am
view
(CA)
difference.
April?
Thanks:14
Gimme
dat
boulder,
colorado
break.
money
wise
bad!
Doris!
720pm
R/C
Exchange
late?
Ride
sit
torture.
ideal.
experience!
12:15pm...Believe
03\/12\/2016
7-10pm
denver
Between
him.
syosset
Night?
70458?
Falling.
bellevue
seating:
Procure
pair
hiiiiiiii
est
louisville
bay
Searching
horrible
ratings.
laughable.
PG-rated
Fitchburg.
Sap
real
Creative
Control
watched
particular
another?
<3.
Wow,
too,
violence
gore
pain
suffering:
wow.
Margot
Robbie,
you...
Wheaton
names
lead
actors\/actresses
brief
fallen?
gurl
area,
THINK
HORROR
MOVIE:
SOMETHING
SCARY:
entirely
picky,
apparent,
say.
1:15
3.40
Piedmont
Send
dc
Land
pg13
lower?
times?
shot.
(3/10)
(anytime
fine)
Deadpol
6th,
20th
Outstanding
theatre,
Clear
IA?
Westgate
closest.
Kind
reminds
America,
ago,
whatever.
he's
scrawny
join
army
weird
done.
comics
Marvel
Comics?
Happy
Saturday!
9:00PM
worker
BOOM
Methuen
Egypt.
school.
woman?
Carbondale.
Oops.
honeymoon.
Bridgewater
03\/20\/2016
Since
UA,
ready
yup
Scary
Palm
Foxtrot,
Manhattan.
steak
gotta
city.
sacramento.
april
anytimes
ZOotopia
Oakridge
Novi
actual
Looks
16,
honestly.
recommendation
Splendid.
wonderful,
7:15?
party.
Cool!
appreciated!
lot!
Especially
buddy
comedies.
\Let's
Cops.\
So,
Anniversary
dinner?
preferences
double
movie:
recommendations?
thatll
job
guess,
Fremont...
745,
assistance?
asap
fargo
nd
Dirty
Grandpa.
ticket.12
seaside,
is!
tuesday?
nearby?
3\/15\/16
Fey:
thornton
Railway
Express,
Lafayette
Blvd,
Fredericksburg.
red
eye
Thats
5PM:
Edmonds,
03\/11\/2016
convenient.
Thanks.,
westfield
mall?
know,
6p
Evening,
months
4:20pm
cool
la
francisco,
ca.
ln
12:05
black
before,
amny
(south
KY)
fist
nc:
happy
Tang
Queen
Latifah
mo
ing
Nine
15.
pricing.
hamilton,
directions
hit
Salem,
really,
8p.m.
48126.
4pm?
Waiting.....
8:30.
Zoomania
'deadpool'
Hey!
420pm
wa,
Kungfu
3:30ish
705pm
Houston,
impulse
catch.
scary!
3/20
so.
friday,
(Monday,
3\/14)
arcade
games
rush.
IA.
vague
redundant
responses
future.
Naperville
8PM\/.
St:
Louis:
non-3d,
EYE
SKY
two:
(but
gory)
Van?
california?
EST
Southcenter?
girlfriend,
myself,
mother
third-wheeling
:P
educational
nonfiction
3'movie
superman/batman
First
preffered
6-8pm
anywhere.
snacks
boardwalk
serve?
pro_2016-03-07T22-42-05_cde60ed6-1579-4fd5-b60d-16a61dd53d46
Excellent.
tear
jerkers
boarkwalk
city?
iPic
interesting!
Falling
spotlight,
Blacks.
bearing
giftcard
exciting
on.
drag
Concord,
plz
9Pm.
moviename?
Yeah.
long?
Emeryville
Messiah.
A<C
Moines
Westminister
Promendae
there?
Secret
Ocean
online
sales?
chances.
Perhaps
x-men
apocalypse
nashua
nh
wuth
excellent.
Eugene,
find.
tickets......
philadelphia
Mills?
eh...
Ann
Arbor,
nicolas
cage
theatres?
ain
eveing,
6-10
cinemas.
Elk
Drive
now:
forgive
me:
genres
like,
narrow
quick
Owosso,
toorrow
around7
1:50pm?
VALLEY
VIEW
montana
Breeze,
4:45pm
345pm
10pm:
Redwood
tommorw
critics
Laredo,
3\/17
doris,
about,
umm
94520.
11:50am
Downers
11:45am.
Jennifer
Lawrence?
5?
Sabrina?
PEARL
THEATRE
@
AVENUE
drama.
pearl
documentaries
playin
server
tabs:::I'd
Check
second
page
Fandango.
spy
Five
adult,
mmmm
Gloucester,
nevermind
13th
scary.
pg13?
Hmm:
follow
stale
trope:
fit:
Disney-ABC
mine,
passed
employee
tickets:
Please.
women
boss!
moment?
Thank!
Boloxi
Ohh
10:35pm
middle,
amenities
Tacoma,
dinner,
return.
2:55
entire
visit
down.
we'll
Edward's
??
fairlane
regardless.
tellme
gulf
shoes
alabama?
12:55
Wants
Some!!
Zootopia:
hmm
Vista,
Henry.
going.
Anaheim,
Disneyland
SAcramento
days.
98115?
Tallahassee
Make
rest
unfortunately
6?
Short?
nights?
11th
Schwarzenegger
Foxtrot?
Romeo
Romeo,
Louis.
kids:
CA,
Thursday,
Chico,
Crossroad
04/06/2016,
choose?
buying
information,
studio
grill
Yale
N
Quinault
Inn
messed
really.
Grimes.
Lafayette,
simply
mean.
Unless
speak
language
flicks.
separate
avoid
awkwardness?
no:
Burlington,
VT
Van,
18th,
2p.m.,
despite
chance,
OH?
Michigan?
Divergent?
2pm,
Marketfair?
LARP
group?
Twxas?
Yesterday
YOUNG
MESSIAH
3/16.
Casino
910pm
egypt?
works,
MI.
boston.
there:
Phoenix.
Burlington
sunday.
epic
NO
CHILDREN
Kansas
8:55
Zoology
care
Tuesday,
16:50
(east
side)
pub
burgers
Space
Needle.
IMDB
Rotten
Tomatoes,
perhaps
both?
hour?
lovie
dovie
mood.
Rapids,
listening
devices
thanbks
edwards
Commerce
MICHIGAN
9.
tinseltown
chico
starts
expand
53565.
US.
8:15pm
Wednesday?
TCL
boy?
2d,
Woodinville
hood
Hmm
4:15pm
Tuesday.
past
Fifth
Wave?
man,
bad..
haha
She's
young.
reclning
Lowell,
Nice!
would.
anniversery
theaters.How
1:20
Orlando?
here?
17th
Fey,
alphabet
WTF
CineBistro
dinnertime
Forever
Macomb
Township
11:10
amazing.
Goodman
it!
Jacksonville,
Safeco
Field
life.
suprman
Kapoor
Sons
Detroit,
Mei
Ren
Yu
33076?
CLOVERFIELD
LANE
IMAX?
Monroeville
Mall:
Columbia,
Going
Davenport,
RANDOM
asheville,
Denver.
scariest
moment
I's
Ft
yet,
least,
miami.
workss!
Ga
Sheraton
Downtown.
04/012/2016
glad
corrected.
Definitely
stomach
Wedding.
lovely
pm:
since
site:
looked
to,
Haymitch
Abernathy.
dates
Iowa
tecas
now,
3:05pm
Brendan
teenagers
Omaha.
afternoon...
stickler
showings.
3!
petoskey?
frame.
Live.
ewww
1030am,
zootopia?
national
parks
Heaven,
documentries
Rhode
Island?
3PM?
george
riverwak
Ty
12:00
Maine?
thanks!!
More
Time
goons!
7-9pm.
correct
ticketing
concessions
MIRACLES
FROM
HEAVEN
mariners
YES,
11:10AM
230pm
6:65?
one!
KIND
FAMILY
OUT
KIDS
AGE
GROUP
UNDER
2:40pm
child?
ottawa
Wars:The
OTHER
SIDE
DOOR
PHIPPS
hayward
cinemark?
Chattanooga,
albany,
sister,
witch:
Sunday.
sort
VA?
wed
awesome:
ncg-
Falls,
Salisbury,
York,
MAGNOLIA
1:45pm
Meridan
Plains
6Pm
Simply
Everett,
98201?
wan
Try
Some
bar.
grossing
genres?
IL:
nc.
zootopi
opens
direct
Actually
Daddy's
Home
zo
440pm
Flagship
pelase!
please*
room
washington,
sad
R-rated
Location:
Natomas,
REgal
Animated
think,
Downey
then:
cat
ticks
window.
sacramento
PIONEER
04/02
Market
9pm?
heaven.
liking
joy
91505.
Believe
Charles,
7:25pm
Ocalla
looks
stuck
Allegiant,
wasn't
biggest
fan.
ME?
6-7pm
92803.
Pa
Moore
Warren?
Legends
rom-coms
Houma,
3:10pm
famliy
Match.
V.
Southcenter
wash
nasty
taste
mouth.
Hamilton.
deadpooil
nj?
comendy
MBFGW
(she's
bringing
darn
sister)
935pm
Marguerite
Spring
IMax
else.
Risen?
Modesto,
Nv:
Angeles/
Afternoon,
Washington?
Dallas:
imax,
full
experience
right?
7:35pm.
price.
Sacn
best,
Cartoon
3/11/2016
area:
you:
animated.
DC.
kinky,
Will
deadpool.
soccer
players
Ooh,
22nd
Chonqing
Never
21-Mar
feel
Rosa,
reccomend
good,.
anywhere,
Oooooh
hilarious
Papa
atlanta,
zipcode,
work?
Wayne
5:00PM
beer?
us,
Jose,
court
rochester
ridgfield
Pittsburgh:
Decatur
20619?
Certainly
Woodinville,
2.15
tHANKS
terrific
wait,
gazpacho
Cedar
iowa
tickets!
oscar
contenders
5:15PM.
Miles
Ahead
Embarcadero
Dodge
Dodgeville,
Butnow
4.
Portland:
Eagle,
Area
ohhhhhh
knoxville
tn
month
Majestic
suppose.
Bigger
better,
8:25
Charleston
12:50pm
After
preference,
theatre?
ATlantic
station
7:50pm,
11:05am
8-10
Six
Meridian,
bill.
kids-
oldest
cut
tickets-
difference
10:20pm
Cobb
Dolphin
Chongquin
pro_2016-03-10T23-00-25_48145f3c-b842-48ef-be0a-0d8a6f8387db
11-Mar
PM?
Washington...
picky.
Boss?
Westlakes?
Ben
Garner.
ga
35242?
Batman.
845pm
Indianapolis,
Roughly
03\/16\/2016
flicks
1:10,
accessible.
stops
running
errands,
car
Taylor
N,
drop
Bell
St,
riding
10:30pm
TY
3:55pm
4:15.
surprise
Uh
didn't
Tickets.
10:00PM
VAn
purchased
llike
format?
CAn
KungFu
Wow!
works!
Grimes
Virginia:
reservation?
change/cancellation
policy,
cancel,
notification
need?
portland.
Another
Recommendations?
Sweetness.
Closest
5:00pm
98126?
3\
6:15.
seven
lol
pleaser
Nevada
dont
why
5Pm
Edgewater
No...can
WEdding
10:45
uhmm,
yea
skip
outta
AREA:
NIGHT
pro_2016-03-09T22-42-29_2230807c-001a-40a1-85da-7f0b072ab1a3
Beast
Hills?
Finding
Dory
FL.
DIVERGENT
SERIES:
ALLEGIANT
7th,
(technically)
had,
time!!
Antonio?
Paradiso,
divergence
915pm,
Cool,
Adult
6:30PM
animation
zootopia!
People
Doris?
comic
younger.
Though
recall
understand,
LOL.
actor.
Sandra
Bullock
Proposal.
Montebello
romantic-comedies,
flicks:
action-comedies:
eerve
Thanks!!
J
Jones.
whole
family?
manged
convince
:stuck_out_tongue:
7:35.
portlnad
mostly
total?
sports?
start
where.
BELLEVUE
LINCOLN
CINEMAS
II
Springfield?
PACIFIC
GROVE
gary,
Nah
tired
dog
house.
great!!
buddies
finally
Colonnade
god's
Ronkonkoma,
N.Y.
youve
elizabeth
ky
thriller.
2:30pm
emagine
oak,
11a.m.
Irvine,
REALLY
kick
rough
relax
during?
balcony
53565?
ANY
BRONX
NEW
YORK
Albany?
falling?
11th?
day,I
caesar
Morgan
weekend:
hi,
Saint
Louis,
Needs
life
that'll
previously
stated.
olympia
530pm
seafood
locations
Londan
Greetings
Reynolds…
boss?
\n32289
Road,
Heights,
Grimsby?
zip-code.
8:00pm?
Bronz
10:50pm
date...
romance.
now...
WITCH
woman
20.
summer
small
Fremont,
Light.
Asian
buffet
lunch
land
mistress
nc,
bed
Forgot
10ish,
Muncie
Shiloh
Belleville?
3)
WESTWOOD
TOWN
Studio
Grill
Angelika
trust
robot
trusts
technology.
7-7:30
(3/24)
8p.m.,
woodstock,
instead
pay
debit
card?
Infrared
Headsets
impaired
Bode!
Sky.
-_-
barber
shop
08534.
featuring
\manly\:
drama:
Tomorrow:
8:35
Probably
Virginia,
Better
champagne
first.
much,
Boom
Bust
Boom.
finest
Georgia?
2:00pm.
4:40pm.
April,
decided
availability?
fancy
hot!
his
Common
9pM
Clevaland?
bronx
friends.
3:40pm
some.
Tower
ShowPlace
ICON
playing,
am!
8PM,
paul
rudd
action/adventure
2:24
showtime/
austin,
10:55
Whittier
handle
troubled
dude
gamelike
Umm
Mills
shot
carjacked
Western
HOW
MUCH
SHELBY
THEATERS
COSHOCTON
OHIO
Comedy,
children.
Hola!
attend
pinch
me--
2:00pm
NJ:
Littleton
rave
showcase
artsy
hands
excite
her.
Culpeper
loews
indian
comedy's
Denver?
great:
Sonoma
7:10,
tomrorow
There,
5:50pm
ofMiracles
Burbank?
NEWEST
ADVENTURE
MOVIES?
Edwards
1:00PM
wonderful:
sign
wheelchair.
11:20am
film,
Sanford,
Maine
ahoy
7:40pm,
750pm
Place.
Paramus
Theater.
Hail,
Caesar!
Pg
RACE
None
me...
SouthPoint
casino
Hang
second.
Blankenbaker
Crossing.
Savannah
Foxtrot:
7:00p.m.
3:25PM
04/05/2016
Francisco?
12:15
Heya.
7:15pm.
screening
8:20
Philly?
Winnetka
Alexandria
Emagine
THANKS
Wow.
st.louis
mn?
Woodbury,
Fandango
seats?
Shreveport?
Marrero
2PM.
nearby:
bad.
federal
Whatever
Sure
thing.
12:45?
Both
955pm
she's
settled
Fetch
Wedding,
AM,
Morning
film?
action!
ole'
7:35pm
Aurora
04/03
(so
out)
Regal?
reviews;
Springfield.
Than
reviewed
code.
55416?
Woodlands,
Macarthur
10,
2pm.\n
tonight's
Muncie,
lane:
Needed
greatly
appreciate
movienames;
Milwaukee?
5:15pm
marvel
1:55pm
run
accomodates
wheelchairs.
15202.
fandango
everybody
Yonkers
theaters,
Movieplex
conyers
distance
Dramas
diego
Avenue,
hey
guess.
Pool?
cloverfield,
fees
all?
will!
drivein
g
Mesiah
EDWARDS
ALHAMBRA
RENAISSANCE
OK.
hola
PM:
concord
Sheepshead
alright,
anyday
sat
sappiest
4:!5
coral
springs
Promenade
R-Rated
NY:
Santium
goodbye.
ridgefield
park,
jersey?
something.
none,
olease
2:45pm
Islands
Lemurs
Rohnert
Park,
1:35PM
largo
140pm
Patton
lloyd
Westview
Rockville
Md.
AM!
mercer
island
one:
summary
plot?
Springfield,
Students
lowes
wwednesday
Ticket,
Doesn't
RealD
gift
MI:
westgate
mine
Strand
Mount
Zion,
witch\\
today,
running?
suggest,
names!
3/9/2016
Series?
tmw
14-Mar
Branson,
3\/20
10:40pm
yes315
needed,
bye!!
Brandon
34655.
IL.
downtown?
Memphis
forward
50%
booking
seen?
midnight.
book\/purchase
Houma
Palace
guessing
$12.50
show,
race
rates
Witch?
ooking
1005pm.
pro_2016-03-09T00-32-50_5911815a-06c7-485f-9a30-639905d8c283
SouthSide
perfectly!
pro_2016-03-07T22-42-16_c51a5e02-bf75-464a-b93a-8cff8593e0dd
brunch.
gadsden,
Drama.
Greenback
But,
need.
related
Bogar
Marshall,
MI?
equipment?
Baldwin
Crenshaw
needed.
AMC?
live?
3:35
wil
girlfriends.
Always
pleasure.
reuse
large
popcorn
bucket
1:10pm
laugh!
Mountain
View,
1:00
blessed.
by?
Virginia.
19.
Sundance
elmwood
Monica?
Lloyd
Batavia,
60510.
Goodrich,
(it's
Randall
Rd.).
Opening
cary,
tonight:
12:45
1:15pm
9:00pm.
well..I'll
night..three
Admiral
Twin
3/25
sad.
IS
god
morning.
carol
waste
customer's
Perimeter
Pointe
18th?
Harkins
Cary
Seaatle,
similar
plays
'10
lane'
trailers
funny.
Garden
Plaza,
Jersey
Cinearts
Palo
Alto
Times
NYC.
7PM:
Ghostbusters
ohh
AT;anta.
United
Artists
\u2003
$10
orlando
tues
Shreveport
feature.
Riverview
17?
Grove?
hobart
o
goodness
Ahh,
concurrently
aorund
naperville,
Daly
frame,
mt
4:30,
yuo
case
10:45PM
Ruth
Chris
Steakhouse
Veterans
previous
responses?
frustrating.
ATlanta
sure,
admissions
well!
Hmmm...
nicely
food.
tacoma
Del
Mar,
pro_2016-03-09T22-25-12_ac3e8583-4f02-4698-990e-01e44c858a2f
vegas.
Island
2D?
4?
2:15?
Tilton
witch?
MI..
11pm.
Kirkland
2D.
Witch,
premiering
Mike
9th?
Du
Quoin,
talking
zoo
is?
needed
Jacksonville
fla?
option.
information.
morning!
options.
Vernon
Hills,
trailer
:o
expensive..
read
request?
READ
IT.
says
understand?
Fashion
getting
noon,
10:00pm.
Republic
ri
1245pm
team
tweens.
Suggestions?
7p.m.
reserved
meant
Autocorrect
messiah?
york
afte
oon,
doing?
tommorow
Thanks~
pro_2016-03-08T00-46-24_73056b04-9a92-4112-a383-9ef0dde09d05
Westshore
slam
cold
down?
mall,
lexington
kentucky
could,
Ma
03/14/2016
Along
gritty
gangster
ones.
Criminal
3\/10
film/movie
Chunkys
Nashua
7ish
Run
and,
doris
june
flags
corner
avenue
Tango?
3\/21
specific,
ones,
because
lots
clever
generations
understand.
Orleans,
Ten
Commandments
Maine.
bought
3:10
warwick
ri?
Planet
Fitness
central
Avenue
28212.
5:45pm
Rated
Theaters.
3\/21\/16
Shattuck
mad
max
please'
agent
Saturday:
7:30pm,
Castle,
safe
olds.
hear
rain
covered
parking
Falen
District
BROOKLYN
move
imaginative
cartoons.
mbfgw2
palms
BLOOMINGTON
cartoons
Clarksville
maybe?
4:34
beaucatcher
Chicaco
Back
Future
possivle
suffer
RomCom
So
EVENING
Shores
Action/Crime/Thriller
imax:
des
moines,
ia
prior
Zeus
Waynesboro,
Marysville
8:10pm
wa?
12th.
Lloyd,
(that's
8th.)
pro_2016-03-07T22-42-08_e47a5daa-b3fe-46bd-8cbe-1d8394cd1019
830pm
6PM\/
July
2016.
historical
enjoyed
King's
Speech,
helps.
dramedy
twist?
chase
plaza
touching.
Compton,
later?
started
blood
guts
edge
seat.
Ness?
ideally,
flexible
Escape
God
Egypt?
Newport
showtime?
issues,
viewing
home,
Tom
Cruise?
98101?
media
pennsylvania
9:50.
Lennox
Tarpon
Albuquerque
NM
Boulder,
Colorado?
zombie
end
anyways
19101?
03\/14\/2016
Batman\/Superman
paradise
pro_2016-03-13T21-18-39_bf3b7d34-615f-42b5-835e-7e2fa333bbfa
specific
them:
Omaha,
Medusa
3-27
commercial
back.
remembered
article
(yesterday),
bombed
UK.
huge
Cohen
IOwa
Lovely.
He
deserves
Amherst,
MA?
Slidell,
Picture?
99%
dang!
THERE
SAw
?
Party
7th..
Girls
out-
prepurchase
RIVER
EAST
\n322
10:30am
Kunfu
3\/10\/2016.
Before
plese
Cary,
Mcalester
oklahoma
interesting:
Roman
era
much:
Bellagio
Mother's
Day
outing
mom?
--
4/8
planing
9:50PM
Texas,
75123.
chicago,
divergant
allegiant.
1:40pm.
baby!
1:55
Stone
Mountain?
PLEASE
Cleveland.
apologies
specifying.
Children
Adults.
1:35pm
Sci-Fi
miracle
perfectly,
9.55
impression
fun:
Anderson
Night
Hmmm...these
girls.
Foxtot?
Henry?
Scottsdale,
05446.
Girly
NYC?
7:45.
wednes
nite
Gainesville?
pro_2016-03-09T00-28-08_a543841f-7f09-4575-8f75-4092c0b71b30
Northpark
today's
Cinerama,
preferable,
embrase
serpent
Wednesday:
blows
up,
Buford
Georgia
Security
Rowland
Brambleton,
gonna
1Pm
MPAA
(e.g.
PG-13,
R)?
teh
care.
totally
Super.
airing?
4)
Pensacola?
Nah.
choices
have?
screens?
than.
intense.
pg-13?
425pm
Rosedale
2:24pm.
sooner
Puente
OH.
reclining
oakland
mall.
children?
3/31
Yoohoo.
23.
98101.
pinellas
considered
premiere
Based
synopsis'
ratings,
\How
Single\
7pm,
christian
eyes
hurt
prolly
foxtrot...
wear
glasses
CINEMA
cry,
daughters
birthday.
age
teen
Galewood
7:20PM
Messiah?
alcohol?
Bakersfield,
food?
Vancouver,
B.C.
(Canada)
at?
georgia
Barrington.
virtual
assistant
magic
happen.
Rocky
Picture
Show?
Desoto
party!
Anita
interested.
checking.
23rd.
Eage,
exciting:
assuming
Down,
Butler?
Huh.
closed.
besst.
availabe
4:20!!!!!!!
sign,
Berkeley,
final
Race;
Jessie
Owens
'36
Olympics:
ad
Olympics
event
outbreak
1939:
mystery
Sundat
Moline
Winchester,
night---
25.
charm.
10th
flick!
ideal
noon?
Lansing.
Girl
Scout
troop
Woh,
rating.
Chongqing
Metropolitan
ah
lookin
oak
too?
19,
ONE
Brier
Carolina.
actresses
moviename,
trouble:
rated.
booked
+
6:55pm
Pigalle
stewart
st,
98101:
passengers
party:
Lincoln,
(pst)
Minneapolis.
9:40pm
Johnstown
theme
preferred:
(a
combo
deal)
Tacoma?
Surely
within,
say,
Lake?
disney
havent
late,
yes...was
Hiya!
celebrate
with.
open
until
good\\
sugguestions?
You're
Thriller
tix!
$50
MALCO
STUDIO
ON
19th
March,
Elgin
505pm
non
impressive.
Nashville?
Nasville
Living
mind
future
use.
musicals
please\n
Kid
friendly.
Toms
River,
(
10022)
strange.
confused.
ma'am.
Tomorrow.\/
Nv
independent
11pm
10am
Draft
cool.
Revenent
pleas
pre-order
Shelbyville
child.
Barrington
this!
8:30-9:30pm
Hmm..
again?
8th
Moines.
dining
reservation.
triple
pay,
weird.
way,
confusion
University
Hmmm
1:20p.m.
huntsville.
someplace
equipped
impairment.
pro_2016-03-09T22-25-13_9e76ca1f-1005-4621-851a-86663fe8621a
East,
9:30pm?
behind
Dallas/Ft
VA,
price,
regardless
expensive?
aroun
NORTHPARK
wheelchair?
father
related..Is
not,
18.
Dirk
Smeigel,
Sparta,
slacker.
question
palisades
6PM:
indeed,
olympic
8:35pm.
2p,
Me
3D!
theater,
11:20
5.
please...around
8-9
charlotte
General
Hey.
16?
9:35pm
How's
Burlingame
Sqaure
2:45,
drive
ins?
7:30PM
Chamblee,
Ga?
Dearborn
Tickets,
Goodrich
aside
Point:
Ranch
Cinedome
tommorrow
group
student
62535,
9:30PM
wait.
Monterey,
Asheville
runtime
tomorrorow
zootop
forgot
matinee.
tulsa
Marsh
Legend
Monday,
14th,
union
good:
Milkwaukee?
anything?
DIvergent
Dine-In
information
wheter
usually
does?
An
moderately
priced.
Csn
Sat?
funny,
light-hearted
without
humor.
pro_2016-03-08T00-46-34_e43f6f3a-2bc1-4888-8e15-b7ce61366629
6:00PM.
owned
Manhattan,
phoenix
arizona
por
favor.
29640.
willing
greenville
sc
tho.
fabulous
old.
Go
Imagine
Shelby
Township?
melissa
mcarthy
93304?
course,
that;s
spring?
tina
fey
coworker
handful
rascals
Late
drinks.
Mann
st.
paul,
mn
Pefrect
Uptown
deadpool?
day?
muskegon?
Pahrump,
pro_2016-03-07T22-42-17_464d5d8c-0590-4fda-8509-a638c6a6c229
you~
Darn,
wont
limit?
certain
WI.
Wed
seattle?
Yeah!
When's
98119?
12:40pm
groups
more?
DeadPool
zootopia.
America:Civil
War
pricing
Revenant:
access
wheelchair
handicap?
Deadpool!
really?
million
explosions?
08550.
Westwood
please.Book
daughter
Muvico
Centro,
Tampa.
side,
panda,
7pm-8pm
frame
Louisville,
willow
creek
4:35
Lansing?
8Pm.
Colennade
3/11
Johnson
deerfield
grand
Fantastic:
family-orientated
hmmm.
9pm:
mid
Little
Rock,
AR
watch,
recommendation?
weeks
pro_2016-03-08T23-43-17_9cbe2817-8459-45c0-bb31-9079f907a1aa
Mesa
535pm
Esquire
Fantasy
4pm,
angeles?
9:55pm
3D:
miracles
ARound
acceptable
substitute.
Tonight,
3/18/2016
20:00
Wadsworth
OHio
Problem.
happens.
NY?
bronze
Falls
Church
t
Bruce
Willis
Schaumburg,
Il
greati
accessable?
Cross
County
Woodlands
Oldsmar,
Florida.
Wonderful
bunch!
Ca
Hartford.
boys
also.
day!!!
kingstown,
ri.
10:00am
Preferable
theater:
Horror!
state.
Beckley
WV
12:20
MD>
suprised
:smiley:
popcorn?
zootopia,
3:40
Warwick,
Plymouth
Meeting
helpful!
matches
4:45pm.
14th
